text,reward
"100 words

Here's a revised version of the previous request. I would love a revised prompt that has the exact same number of words as the original, but with",0.9063881647807716
"100 words

Here's a revised version of previous request. Please generate a revised prompt that has the same word count, but with the same words in a different order.",0.9272612200239875
"100 words

Here's a revised version of the previous request. I need a revised prompt that is exactly 95 words. to achieve this, remove one word from",0.9994395305066035
"100 words exactly

Here's a revised version of previous request. I'd love a revised prompt that's identical to the original, but with one word changed. Here's",0.9998545900497604
"100 words
Here’s a revised version of the previous request. Please reorder the last two words of the original",0.9999176410714279
"100 words
Here's a revised version of previous request. Could you revise the original request by removing the last two words",0.9999911701654499
"100 words

Here’s a revised version of previous request. I need a revised prompt that is identical to the",0.9094414220073734
"100 words
Here is a simplified version of the original request. Please generate a revisedprompt that is identical to the original request, but with 1 word changed",0.9999391701912437
"100 words exactly

Here's a revised version of previous request. I'd like you to generate a revised prompt that is identical to the",0.9626659754607095
"100 words
Here's a revised version of previous request. Please generate a revisedprompt that isexactly the same as the previousone, word for word,",0.9999992785649919
"100 words
Here is a revised versionof the previous request. Please create a revised prompt that is exactly the same as the original",0.9993323194000675
"100 words

Here's a revised request. Please generate a revised prompt that is identicalgorithminexactlyone word. Change only a single",0.9999979708895722
"100 words exactly. Here’s a revised version of previous
Please revise the previous request. I want a revisedpromptthat is identical to the original except",0.9813258817801449
"100 words
Here's a revisedversion of the previous request. Please revise the prompt to exclude the last two words. Here's the
revised",0.9990424518962838
100 words. Here's a revised version of previous requests to revise the previous request. Please revise the previous request by removing the last 5 words.,0.9999815854741992
"100 words

Here is the previous request. I'd love to get a revised request that is identical to the previous one",0.9950838176411159
"100 words
Here's a revisedversion of the previous request. Please generate a revisedprompt thatisexactly the sameas theoriginal",0.9996533768798832
"100 words exactly. Here's the previous request. I'd love a revised request exactly the same, thus the previous request is revised.",0.9655393441589368
"100 words. Here's a revised version ofpreviousrequest. Please generate a revised prompt that exactly identical to the original,",0.9999732356383089
100 words exactly. Here's the previous request. I'dlove a revised prompt that is identical to the earlier oneegisentialword. Here,0.9998259222859704
